entry,date,order_id,doc_md5,bytes,file
185,2026-03-18,ORDER-01,efd0ddeb03a72a55e81c7bc1fc298060,115289,185_2026-03-18.pdf
186,2026-03-18,ORDER-01,efd0ddeb03a72a55e81c7bc1fc298060,115289,186_2026-03-18.pdf
187,2026-03-18,ORDER-01,efd0ddeb03a72a55e81c7bc1fc298060,115289,187_2026-03-18.pdf
188,2026-03-18,ORDER-01,efd0ddeb03a72a55e81c7bc1fc298060,115289,188_2026-03-18.pdf
189,2026-03-18,ORDER-01,efd0ddeb03a72a55e81c7bc1fc298060,115289,189_2026-03-18.pdf
190,2026-03-18,ORDER-01,efd0ddeb03a72a55e81c7bc1fc298060,115289,190_2026-03-18.pdf
191,2026-03-18,ORDER-01,efd0ddeb03a72a55e81c7bc1fc298060,115289,191_2026-03-18.pdf
192,2026-03-18,ORDER-01,efd0ddeb03a72a55e81c7bc1fc298060,115289,192_2026-03-18.pdf
193,2026-03-18,ORDER-01,efd0ddeb03a72a55e81c7bc1fc298060,115289,193_2026-03-18.pdf
194,2026-03-18,ORDER-01,efd0ddeb03a72a55e81c7bc1fc298060,115289,194_2026-03-18.pdf
195,2026-03-18,ORDER-01,efd0ddeb03a72a55e81c7bc1fc298060,115289,195_2026-03-18.pdf
196,2026-03-18,ORDER-01,efd0ddeb03a72a55e81c7bc1fc298060,115289,196_2026-03-18.pdf
197,2026-03-18,ORDER-02,16eb72f7e7ada45cf2b003b3cc765cca,115343,197_2026-03-18.pdf
198,2026-03-18,ORDER-02,16eb72f7e7ada45cf2b003b3cc765cca,115343,198_2026-03-18.pdf
199,2026-03-18,ORDER-02,16eb72f7e7ada45cf2b003b3cc765cca,115343,199_2026-03-18.pdf
200,2026-03-18,ORDER-02,16eb72f7e7ada45cf2b003b3cc765cca,115343,200_2026-03-18.pdf
201,2026-03-18,ORDER-02,16eb72f7e7ada45cf2b003b3cc765cca,115343,201_2026-03-18.pdf
202,2026-03-18,ORDER-02,16eb72f7e7ada45cf2b003b3cc765cca,115343,202_2026-03-18.pdf
203,2026-03-18,ORDER-02,16eb72f7e7ada45cf2b003b3cc765cca,115343,203_2026-03-18.pdf
204,2026-03-18,ORDER-02,16eb72f7e7ada45cf2b003b3cc765cca,115343,204_2026-03-18.pdf
205,2026-03-18,ORDER-02,16eb72f7e7ada45cf2b003b3cc765cca,115343,205_2026-03-18.pdf
206,2026-03-18,ORDER-02,16eb72f7e7ada45cf2b003b3cc765cca,115343,206_2026-03-18.pdf
207,2026-03-18,ORDER-02,16eb72f7e7ada45cf2b003b3cc765cca,115343,207_2026-03-18.pdf
208,2026-03-18,ORDER-02,16eb72f7e7ada45cf2b003b3cc765cca,115343,208_2026-03-18.pdf
209,2026-03-18,ORDER-02,16eb72f7e7ada45cf2b003b3cc765cca,115343,209_2026-03-18.pdf
210,2026-03-18,ORDER-02,16eb72f7e7ada45cf2b003b3cc765cca,115343,210_2026-03-18.pdf
211,2026-03-18,ORDER-02,16eb72f7e7ada45cf2b003b3cc765cca,115343,211_2026-03-18.pdf
212,2026-03-18,ORDER-02,16eb72f7e7ada45cf2b003b3cc765cca,115343,212_2026-03-18.pdf
213,2026-03-18,ORDER-02,16eb72f7e7ada45cf2b003b3cc765cca,115343,213_2026-03-18.pdf
214,2026-03-18,ORDER-02,16eb72f7e7ada45cf2b003b3cc765cca,115343,214_2026-03-18.pdf
215,2026-03-18,ORDER-02,16eb72f7e7ada45cf2b003b3cc765cca,115343,215_2026-03-18.pdf
216,2026-03-18,ORDER-02,16eb72f7e7ada45cf2b003b3cc765cca,115343,216_2026-03-18.pdf
217,2026-03-18,ORDER-02,16eb72f7e7ada45cf2b003b3cc765cca,115343,217_2026-03-18.pdf
218,2026-03-18,ORDER-02,16eb72f7e7ada45cf2b003b3cc765cca,115343,218_2026-03-18.pdf
219,2026-03-18,ORDER-02,16eb72f7e7ada45cf2b003b3cc765cca,115343,219_2026-03-18.pdf
220,2026-03-18,ORDER-02,16eb72f7e7ada45cf2b003b3cc765cca,115343,220_2026-03-18.pdf
221,2026-03-18,ORDER-02,16eb72f7e7ada45cf2b003b3cc765cca,115343,221_2026-03-18.pdf
222,2026-03-18,ORDER-02,16eb72f7e7ada45cf2b003b3cc765cca,115343,222_2026-03-18.pdf
223,2026-03-18,ORDER-02,16eb72f7e7ada45cf2b003b3cc765cca,115343,223_2026-03-18.pdf
224,2026-03-18,ORDER-02,16eb72f7e7ada45cf2b003b3cc765cca,115343,224_2026-03-18.pdf
225,2026-03-18,ORDER-02,16eb72f7e7ada45cf2b003b3cc765cca,115343,225_2026-03-18.pdf
226,2026-03-18,ORDER-02,16eb72f7e7ada45cf2b003b3cc765cca,115343,226_2026-03-18.pdf
227,2026-03-18,ORDER-02,16eb72f7e7ada45cf2b003b3cc765cca,115343,227_2026-03-18.pdf
228,2026-03-18,ORDER-02,16eb72f7e7ada45cf2b003b3cc765cca,115343,228_2026-03-18.pdf
229,2026-03-18,ORDER-02,16eb72f7e7ada45cf2b003b3cc765cca,115343,229_2026-03-18.pdf
230,2026-03-18,ORDER-02,16eb72f7e7ada45cf2b003b3cc765cca,115343,230_2026-03-18.pdf
231,2026-03-18,ORDER-02,16eb72f7e7ada45cf2b003b3cc765cca,115343,231_2026-03-18.pdf
232,2026-03-18,ORDER-02,16eb72f7e7ada45cf2b003b3cc765cca,115343,232_2026-03-18.pdf
233,2026-03-18,ORDER-02,16eb72f7e7ada45cf2b003b3cc765cca,115343,233_2026-03-18.pdf
234,2026-03-18,ORDER-02,16eb72f7e7ada45cf2b003b3cc765cca,115343,234_2026-03-18.pdf
235,2026-03-18,ORDER-02,16eb72f7e7ada45cf2b003b3cc765cca,115343,235_2026-03-18.pdf
236,2026-03-18,ORDER-02,16eb72f7e7ada45cf2b003b3cc765cca,115343,236_2026-03-18.pdf
237,2026-03-18,ORDER-02,16eb72f7e7ada45cf2b003b3cc765cca,115343,237_2026-03-18.pdf
238,2026-03-18,ORDER-02,16eb72f7e7ada45cf2b003b3cc765cca,115343,238_2026-03-18.pdf
239,2026-03-18,ORDER-02,16eb72f7e7ada45cf2b003b3cc765cca,115343,239_2026-03-18.pdf
240,2026-03-18,ORDER-02,16eb72f7e7ada45cf2b003b3cc765cca,115343,240_2026-03-18.pdf
241,2026-03-18,ORDER-02,16eb72f7e7ada45cf2b003b3cc765cca,115343,241_2026-03-18.pdf
242,2026-03-18,ORDER-02,16eb72f7e7ada45cf2b003b3cc765cca,115343,242_2026-03-18.pdf
243,2026-03-18,ORDER-03,085303dbfa781a9982e033069edc5a39,114444,243_2026-03-18.pdf
244,2026-03-18,ORDER-03,085303dbfa781a9982e033069edc5a39,114444,244_2026-03-18.pdf
245,2026-03-18,ORDER-03,085303dbfa781a9982e033069edc5a39,114444,245_2026-03-18.pdf
246,2026-03-18,ORDER-03,085303dbfa781a9982e033069edc5a39,114444,246_2026-03-18.pdf
247,2026-03-18,ORDER-03,085303dbfa781a9982e033069edc5a39,114444,247_2026-03-18.pdf
248,2026-03-18,ORDER-03,085303dbfa781a9982e033069edc5a39,114444,248_2026-03-18.pdf
249,2026-03-18,ORDER-03,085303dbfa781a9982e033069edc5a39,114444,249_2026-03-18.pdf
250,2026-03-18,ORDER-03,085303dbfa781a9982e033069edc5a39,114444,250_2026-03-18.pdf
251,2026-03-18,ORDER-03,085303dbfa781a9982e033069edc5a39,114444,251_2026-03-18.pdf
252,2026-03-18,ORDER-03,085303dbfa781a9982e033069edc5a39,114444,252_2026-03-18.pdf
253,2026-03-18,ORDER-03,085303dbfa781a9982e033069edc5a39,114444,253_2026-03-18.pdf
254,2026-03-18,ORDER-03,085303dbfa781a9982e033069edc5a39,114444,254_2026-03-18.pdf
255,2026-03-18,ORDER-03,085303dbfa781a9982e033069edc5a39,114444,255_2026-03-18.pdf
256,2026-03-18,ORDER-03,085303dbfa781a9982e033069edc5a39,114444,256_2026-03-18.pdf
257,2026-03-18,ORDER-03,085303dbfa781a9982e033069edc5a39,114444,257_2026-03-18.pdf
258,2026-03-18,ORDER-03,085303dbfa781a9982e033069edc5a39,114444,258_2026-03-18.pdf
259,2026-03-18,ORDER-03,085303dbfa781a9982e033069edc5a39,114444,259_2026-03-18.pdf
260,2026-03-18,ORDER-03,085303dbfa781a9982e033069edc5a39,114444,260_2026-03-18.pdf
261,2026-03-18,ORDER-03,085303dbfa781a9982e033069edc5a39,114444,261_2026-03-18.pdf
262,2026-03-18,ORDER-03,085303dbfa781a9982e033069edc5a39,114444,262_2026-03-18.pdf
263,2026-03-18,ORDER-03,085303dbfa781a9982e033069edc5a39,114444,263_2026-03-18.pdf
264,2026-03-18,ORDER-03,085303dbfa781a9982e033069edc5a39,114444,264_2026-03-18.pdf
265,2026-03-18,ORDER-03,085303dbfa781a9982e033069edc5a39,114444,265_2026-03-18.pdf
266,2026-04-17,ORDER-04,38c8ad34f374dee2b0451b12117f71b1,31948,266_2026-04-17.pdf
267,2026-04-17,ORDER-04,38c8ad34f374dee2b0451b12117f71b1,31948,267_2026-04-17.pdf
268,2026-04-17,ORDER-04,38c8ad34f374dee2b0451b12117f71b1,31948,268_2026-04-17.pdf
269,2026-04-17,ORDER-04,38c8ad34f374dee2b0451b12117f71b1,31948,269_2026-04-17.pdf
270,2026-04-17,ORDER-04,38c8ad34f374dee2b0451b12117f71b1,31948,270_2026-04-17.pdf
271,2026-04-17,ORDER-04,38c8ad34f374dee2b0451b12117f71b1,31948,271_2026-04-17.pdf
272,2026-04-17,ORDER-04,38c8ad34f374dee2b0451b12117f71b1,31948,272_2026-04-17.pdf
273,2026-04-17,ORDER-04,38c8ad34f374dee2b0451b12117f71b1,31948,273_2026-04-17.pdf
274,2026-04-17,ORDER-04,38c8ad34f374dee2b0451b12117f71b1,31948,274_2026-04-17.pdf
275,2026-04-17,ORDER-04,38c8ad34f374dee2b0451b12117f71b1,31948,275_2026-04-17.pdf
276,2026-04-17,ORDER-04,38c8ad34f374dee2b0451b12117f71b1,31948,276_2026-04-17.pdf
277,2026-04-17,ORDER-04,38c8ad34f374dee2b0451b12117f71b1,31948,277_2026-04-17.pdf
278,2026-04-17,ORDER-04,38c8ad34f374dee2b0451b12117f71b1,31948,278_2026-04-17.pdf
279,2026-04-17,ORDER-04,38c8ad34f374dee2b0451b12117f71b1,31948,279_2026-04-17.pdf
280,2026-04-17,ORDER-04,38c8ad34f374dee2b0451b12117f71b1,31948,280_2026-04-17.pdf
281,2026-04-17,ORDER-04,38c8ad34f374dee2b0451b12117f71b1,31948,281_2026-04-17.pdf
282,2026-04-17,ORDER-04,38c8ad34f374dee2b0451b12117f71b1,31948,282_2026-04-17.pdf
283,2026-04-17,ORDER-04,38c8ad34f374dee2b0451b12117f71b1,31948,283_2026-04-17.pdf
284,2026-04-17,ORDER-04,38c8ad34f374dee2b0451b12117f71b1,31948,284_2026-04-17.pdf
285,2026-04-17,ORDER-04,38c8ad34f374dee2b0451b12117f71b1,31948,285_2026-04-17.pdf
286,2026-04-17,ORDER-04,38c8ad34f374dee2b0451b12117f71b1,31948,286_2026-04-17.pdf
287,2026-04-17,ORDER-04,38c8ad34f374dee2b0451b12117f71b1,31948,287_2026-04-17.pdf
288,2026-04-17,ORDER-04,38c8ad34f374dee2b0451b12117f71b1,31948,288_2026-04-17.pdf
289,2026-04-17,ORDER-04,38c8ad34f374dee2b0451b12117f71b1,31948,289_2026-04-17.pdf
290,2026-04-17,ORDER-04,38c8ad34f374dee2b0451b12117f71b1,31948,290_2026-04-17.pdf
291,2026-04-17,ORDER-04,38c8ad34f374dee2b0451b12117f71b1,31948,291_2026-04-17.pdf
292,2026-04-17,ORDER-04,38c8ad34f374dee2b0451b12117f71b1,31948,292_2026-04-17.pdf
293,2026-04-17,ORDER-04,38c8ad34f374dee2b0451b12117f71b1,31948,293_2026-04-17.pdf
294,2026-04-17,ORDER-04,38c8ad34f374dee2b0451b12117f71b1,31948,294_2026-04-17.pdf
295,2026-04-17,ORDER-04,38c8ad34f374dee2b0451b12117f71b1,31948,295_2026-04-17.pdf
296,2026-04-17,ORDER-04,38c8ad34f374dee2b0451b12117f71b1,31948,296_2026-04-17.pdf
297,2026-04-17,ORDER-04,38c8ad34f374dee2b0451b12117f71b1,31948,297_2026-04-17.pdf
298,2026-04-17,ORDER-04,38c8ad34f374dee2b0451b12117f71b1,31948,298_2026-04-17.pdf
299,2026-04-17,ORDER-04,38c8ad34f374dee2b0451b12117f71b1,31948,299_2026-04-17.pdf
300,2026-04-17,ORDER-04,38c8ad34f374dee2b0451b12117f71b1,31948,300_2026-04-17.pdf
301,2026-04-17,ORDER-04,38c8ad34f374dee2b0451b12117f71b1,31948,301_2026-04-17.pdf
302,2026-04-17,ORDER-04,38c8ad34f374dee2b0451b12117f71b1,31948,302_2026-04-17.pdf
303,2026-04-17,ORDER-04,38c8ad34f374dee2b0451b12117f71b1,31948,303_2026-04-17.pdf
304,2026-04-17,ORDER-04,38c8ad34f374dee2b0451b12117f71b1,31948,304_2026-04-17.pdf
305,2026-04-17,ORDER-04,38c8ad34f374dee2b0451b12117f71b1,31948,305_2026-04-17.pdf
306,2026-04-17,ORDER-04,38c8ad34f374dee2b0451b12117f71b1,31948,306_2026-04-17.pdf
307,2026-04-17,ORDER-04,38c8ad34f374dee2b0451b12117f71b1,31948,307_2026-04-17.pdf
308,2026-04-17,ORDER-04,38c8ad34f374dee2b0451b12117f71b1,31948,308_2026-04-17.pdf
309,2026-04-17,ORDER-04,38c8ad34f374dee2b0451b12117f71b1,31948,309_2026-04-17.pdf
310,2026-04-17,ORDER-04,38c8ad34f374dee2b0451b12117f71b1,31948,310_2026-04-17.pdf
311,2026-04-17,ORDER-04,38c8ad34f374dee2b0451b12117f71b1,31948,311_2026-04-17.pdf
312,2026-04-17,ORDER-04,38c8ad34f374dee2b0451b12117f71b1,31948,312_2026-04-17.pdf
313,2026-04-17,ORDER-04,38c8ad34f374dee2b0451b12117f71b1,31948,313_2026-04-17.pdf
314,2026-04-17,ORDER-04,38c8ad34f374dee2b0451b12117f71b1,31948,314_2026-04-17.pdf
315,2026-04-17,ORDER-04,38c8ad34f374dee2b0451b12117f71b1,31948,315_2026-04-17.pdf
316,2026-04-17,ORDER-04,38c8ad34f374dee2b0451b12117f71b1,31948,316_2026-04-17.pdf
317,2026-04-17,ORDER-04,38c8ad34f374dee2b0451b12117f71b1,31948,317_2026-04-17.pdf
318,2026-04-17,ORDER-04,38c8ad34f374dee2b0451b12117f71b1,31948,318_2026-04-17.pdf
319,2026-04-17,ORDER-04,38c8ad34f374dee2b0451b12117f71b1,31948,319_2026-04-17.pdf
320,2026-04-17,ORDER-04,38c8ad34f374dee2b0451b12117f71b1,31948,320_2026-04-17.pdf
321,2026-04-17,ORDER-04,38c8ad34f374dee2b0451b12117f71b1,31948,321_2026-04-17.pdf
322,2026-04-17,ORDER-04,38c8ad34f374dee2b0451b12117f71b1,31948,322_2026-04-17.pdf
323,2026-04-17,ORDER-04,38c8ad34f374dee2b0451b12117f71b1,31948,323_2026-04-17.pdf
324,2026-04-17,ORDER-04,38c8ad34f374dee2b0451b12117f71b1,31948,324_2026-04-17.pdf
325,2026-04-17,ORDER-04,38c8ad34f374dee2b0451b12117f71b1,31948,325_2026-04-17.pdf
326,2026-04-17,ORDER-04,38c8ad34f374dee2b0451b12117f71b1,31948,326_2026-04-17.pdf
327,2026-04-17,ORDER-04,38c8ad34f374dee2b0451b12117f71b1,31948,327_2026-04-17.pdf
328,2026-04-17,ORDER-04,38c8ad34f374dee2b0451b12117f71b1,31948,328_2026-04-17.pdf
329,2026-04-17,ORDER-04,38c8ad34f374dee2b0451b12117f71b1,31948,329_2026-04-17.pdf
330,2026-04-17,ORDER-04,38c8ad34f374dee2b0451b12117f71b1,31948,330_2026-04-17.pdf
331,2026-04-17,ORDER-04,38c8ad34f374dee2b0451b12117f71b1,31948,331_2026-04-17.pdf
332,2026-04-17,ORDER-04,38c8ad34f374dee2b0451b12117f71b1,31948,332_2026-04-17.pdf
333,2026-04-17,ORDER-04,38c8ad34f374dee2b0451b12117f71b1,31948,333_2026-04-17.pdf
334,2026-04-17,ORDER-04,38c8ad34f374dee2b0451b12117f71b1,31948,334_2026-04-17.pdf
335,2026-04-17,ORDER-04,38c8ad34f374dee2b0451b12117f71b1,31948,335_2026-04-17.pdf
336,2026-04-17,ORDER-04,38c8ad34f374dee2b0451b12117f71b1,31948,336_2026-04-17.pdf
337,2026-04-17,ORDER-04,38c8ad34f374dee2b0451b12117f71b1,31948,337_2026-04-17.pdf
338,2026-04-17,ORDER-04,38c8ad34f374dee2b0451b12117f71b1,31948,338_2026-04-17.pdf
339,2026-04-17,ORDER-04,38c8ad34f374dee2b0451b12117f71b1,31948,339_2026-04-17.pdf
340,2026-04-17,ORDER-04,38c8ad34f374dee2b0451b12117f71b1,31948,340_2026-04-17.pdf
341,2026-04-17,ORDER-04,38c8ad34f374dee2b0451b12117f71b1,31948,341_2026-04-17.pdf
342,2026-04-17,ORDER-04,38c8ad34f374dee2b0451b12117f71b1,31948,342_2026-04-17.pdf
343,2026-04-17,ORDER-04,38c8ad34f374dee2b0451b12117f71b1,31948,343_2026-04-17.pdf
344,2026-04-17,ORDER-04,38c8ad34f374dee2b0451b12117f71b1,31948,344_2026-04-17.pdf
345,2026-04-17,ORDER-04,38c8ad34f374dee2b0451b12117f71b1,31948,345_2026-04-17.pdf
346,2026-04-17,ORDER-04,38c8ad34f374dee2b0451b12117f71b1,31948,346_2026-04-17.pdf
347,2026-04-17,ORDER-04,38c8ad34f374dee2b0451b12117f71b1,31948,347_2026-04-17.pdf
348,2026-04-17,ORDER-04,38c8ad34f374dee2b0451b12117f71b1,31948,348_2026-04-17.pdf
349,2026-04-17,ORDER-04,38c8ad34f374dee2b0451b12117f71b1,31948,349_2026-04-17.pdf
350,2026-04-17,ORDER-04,38c8ad34f374dee2b0451b12117f71b1,31948,350_2026-04-17.pdf
351,2026-04-17,ORDER-04,38c8ad34f374dee2b0451b12117f71b1,31948,351_2026-04-17.pdf
352,2026-04-17,ORDER-04,38c8ad34f374dee2b0451b12117f71b1,31948,352_2026-04-17.pdf
353,2026-04-17,ORDER-04,38c8ad34f374dee2b0451b12117f71b1,31948,353_2026-04-17.pdf
354,2026-04-17,ORDER-04,38c8ad34f374dee2b0451b12117f71b1,31948,354_2026-04-17.pdf
355,2026-04-17,ORDER-04,38c8ad34f374dee2b0451b12117f71b1,31948,355_2026-04-17.pdf
356,2026-04-17,ORDER-04,38c8ad34f374dee2b0451b12117f71b1,31948,356_2026-04-17.pdf
357,2026-04-17,ORDER-04,38c8ad34f374dee2b0451b12117f71b1,31948,357_2026-04-17.pdf
358,2026-04-17,ORDER-04,38c8ad34f374dee2b0451b12117f71b1,31948,358_2026-04-17.pdf
359,2026-04-17,ORDER-04,38c8ad34f374dee2b0451b12117f71b1,31948,359_2026-04-17.pdf
360,2026-04-17,ORDER-04,38c8ad34f374dee2b0451b12117f71b1,31948,360_2026-04-17.pdf
361,2026-04-17,ORDER-04,38c8ad34f374dee2b0451b12117f71b1,31948,361_2026-04-17.pdf
362,2026-04-17,ORDER-04,38c8ad34f374dee2b0451b12117f71b1,31948,362_2026-04-17.pdf
363,2026-04-17,ORDER-04,38c8ad34f374dee2b0451b12117f71b1,31948,363_2026-04-17.pdf
364,2026-04-17,ORDER-04,38c8ad34f374dee2b0451b12117f71b1,31948,364_2026-04-17.pdf
365,2026-04-17,ORDER-04,38c8ad34f374dee2b0451b12117f71b1,31948,365_2026-04-17.pdf
366,2026-04-17,ORDER-04,38c8ad34f374dee2b0451b12117f71b1,31948,366_2026-04-17.pdf
367,2026-04-17,ORDER-04,38c8ad34f374dee2b0451b12117f71b1,31948,367_2026-04-17.pdf
368,2026-04-17,ORDER-04,38c8ad34f374dee2b0451b12117f71b1,31948,368_2026-04-17.pdf
369,2026-04-17,ORDER-04,38c8ad34f374dee2b0451b12117f71b1,31948,369_2026-04-17.pdf
370,2026-04-17,ORDER-04,38c8ad34f374dee2b0451b12117f71b1,31948,370_2026-04-17.pdf
371,2026-04-17,ORDER-04,38c8ad34f374dee2b0451b12117f71b1,31948,371_2026-04-17.pdf
372,2026-04-17,ORDER-04,38c8ad34f374dee2b0451b12117f71b1,31948,372_2026-04-17.pdf
373,2026-04-17,ORDER-04,38c8ad34f374dee2b0451b12117f71b1,31948,373_2026-04-17.pdf
374,2026-04-17,ORDER-04,38c8ad34f374dee2b0451b12117f71b1,31948,374_2026-04-17.pdf
375,2026-04-17,ORDER-04,38c8ad34f374dee2b0451b12117f71b1,31948,375_2026-04-17.pdf
376,2026-04-17,ORDER-04,38c8ad34f374dee2b0451b12117f71b1,31948,376_2026-04-17.pdf
377,2026-04-17,ORDER-04,38c8ad34f374dee2b0451b12117f71b1,31948,377_2026-04-17.pdf
378,2026-04-17,ORDER-04,38c8ad34f374dee2b0451b12117f71b1,31948,378_2026-04-17.pdf
379,2026-04-17,ORDER-04,38c8ad34f374dee2b0451b12117f71b1,31948,379_2026-04-17.pdf
380,2026-04-17,ORDER-04,38c8ad34f374dee2b0451b12117f71b1,31948,380_2026-04-17.pdf
381,2026-04-17,ORDER-05,fe282c035ec5b455e4410959bc3c0cbe,100888,381_2026-04-17.pdf
382,2026-06-04,ORDER-06,076abd0016b4147fc84f2f83eb26ad3f,61822,382_2026-06-04.pdf
383,2026-06-04,ORDER-06,076abd0016b4147fc84f2f83eb26ad3f,61822,383_2026-06-04.pdf
384,2026-06-04,ORDER-06,076abd0016b4147fc84f2f83eb26ad3f,61822,384_2026-06-04.pdf
385,2026-06-04,ORDER-06,076abd0016b4147fc84f2f83eb26ad3f,61822,385_2026-06-04.pdf
386,2026-06-04,ORDER-06,076abd0016b4147fc84f2f83eb26ad3f,61822,386_2026-06-04.pdf
387,2026-06-04,ORDER-06,076abd0016b4147fc84f2f83eb26ad3f,61822,387_2026-06-04.pdf
388,2026-06-04,ORDER-06,076abd0016b4147fc84f2f83eb26ad3f,61822,388_2026-06-04.pdf
389,2026-06-04,ORDER-06,076abd0016b4147fc84f2f83eb26ad3f,61822,389_2026-06-04.pdf
390,2026-06-04,ORDER-06,076abd0016b4147fc84f2f83eb26ad3f,61822,390_2026-06-04.pdf
391,2026-06-04,ORDER-06,076abd0016b4147fc84f2f83eb26ad3f,61822,391_2026-06-04.pdf
392,2026-06-04,ORDER-06,076abd0016b4147fc84f2f83eb26ad3f,61822,392_2026-06-04.pdf
393,2026-06-04,ORDER-06,076abd0016b4147fc84f2f83eb26ad3f,61822,393_2026-06-04.pdf
394,2026-06-04,ORDER-06,076abd0016b4147fc84f2f83eb26ad3f,61822,394_2026-06-04.pdf
395,2026-06-04,ORDER-06,076abd0016b4147fc84f2f83eb26ad3f,61822,395_2026-06-04.pdf
396,2026-06-04,ORDER-06,076abd0016b4147fc84f2f83eb26ad3f,61822,396_2026-06-04.pdf
397,2026-06-04,ORDER-06,076abd0016b4147fc84f2f83eb26ad3f,61822,397_2026-06-04.pdf
398,2026-06-04,ORDER-06,076abd0016b4147fc84f2f83eb26ad3f,61822,398_2026-06-04.pdf
399,2026-06-04,ORDER-06,076abd0016b4147fc84f2f83eb26ad3f,61822,399_2026-06-04.pdf
400,2026-06-04,ORDER-06,076abd0016b4147fc84f2f83eb26ad3f,61822,400_2026-06-04.pdf
401,2026-06-04,ORDER-06,076abd0016b4147fc84f2f83eb26ad3f,61822,401_2026-06-04.pdf
402,2026-06-04,ORDER-06,076abd0016b4147fc84f2f83eb26ad3f,61822,402_2026-06-04.pdf
403,2026-06-04,ORDER-06,076abd0016b4147fc84f2f83eb26ad3f,61822,403_2026-06-04.pdf
404,2026-06-04,ORDER-06,076abd0016b4147fc84f2f83eb26ad3f,61822,404_2026-06-04.pdf
405,2026-06-04,ORDER-06,076abd0016b4147fc84f2f83eb26ad3f,61822,405_2026-06-04.pdf
406,2026-06-04,ORDER-06,076abd0016b4147fc84f2f83eb26ad3f,61822,406_2026-06-04.pdf
407,2026-06-04,ORDER-06,076abd0016b4147fc84f2f83eb26ad3f,61822,407_2026-06-04.pdf
408,2026-06-04,ORDER-06,076abd0016b4147fc84f2f83eb26ad3f,61822,408_2026-06-04.pdf
409,2026-06-04,ORDER-06,076abd0016b4147fc84f2f83eb26ad3f,61822,409_2026-06-04.pdf
410,2026-06-04,ORDER-06,076abd0016b4147fc84f2f83eb26ad3f,61822,410_2026-06-04.pdf
411,2026-06-04,ORDER-06,076abd0016b4147fc84f2f83eb26ad3f,61822,411_2026-06-04.pdf
412,2026-06-04,ORDER-06,076abd0016b4147fc84f2f83eb26ad3f,61822,412_2026-06-04.pdf
413,2026-06-04,ORDER-06,076abd0016b4147fc84f2f83eb26ad3f,61822,413_2026-06-04.pdf
414,2026-06-04,ORDER-06,076abd0016b4147fc84f2f83eb26ad3f,61822,414_2026-06-04.pdf
415,2026-06-04,ORDER-06,076abd0016b4147fc84f2f83eb26ad3f,61822,415_2026-06-04.pdf
416,2026-06-04,ORDER-06,076abd0016b4147fc84f2f83eb26ad3f,61822,416_2026-06-04.pdf
417,2026-06-04,ORDER-06,076abd0016b4147fc84f2f83eb26ad3f,61822,417_2026-06-04.pdf
418,2026-06-04,ORDER-06,076abd0016b4147fc84f2f83eb26ad3f,61822,418_2026-06-04.pdf
419,2026-06-04,ORDER-06,076abd0016b4147fc84f2f83eb26ad3f,61822,419_2026-06-04.pdf
420,2026-06-04,ORDER-06,076abd0016b4147fc84f2f83eb26ad3f,61822,420_2026-06-04.pdf
421,2026-06-04,ORDER-06,076abd0016b4147fc84f2f83eb26ad3f,61822,421_2026-06-04.pdf
422,2026-06-04,ORDER-06,076abd0016b4147fc84f2f83eb26ad3f,61822,422_2026-06-04.pdf
423,2026-06-04,ORDER-06,076abd0016b4147fc84f2f83eb26ad3f,61822,423_2026-06-04.pdf
424,2026-06-04,ORDER-06,076abd0016b4147fc84f2f83eb26ad3f,61822,424_2026-06-04.pdf
425,2026-06-04,ORDER-06,076abd0016b4147fc84f2f83eb26ad3f,61822,425_2026-06-04.pdf
426,2026-06-04,ORDER-06,076abd0016b4147fc84f2f83eb26ad3f,61822,426_2026-06-04.pdf
427,2026-06-04,ORDER-06,076abd0016b4147fc84f2f83eb26ad3f,61822,427_2026-06-04.pdf
428,2026-07-10,ORDER-07,c74b86005b2e9616e4560a6ed3039579,48848,428_2026-07-10.pdf
429,2026-07-29,ORDER-08,7a63134c1af0f39e70d955001f1c5250,47017,429_2026-07-29.pdf
430,2026-08-19,ORDER-09,c9412412bcaac56abcad64d5c5ef4a9d,109237,430_2026-08-19.pdf
431,2026-08-25,ORDER-10,8782469b98b29b30aa6881edba1ddf2a,127567,431_2026-08-25.pdf
432,2026-08-31,ORDER-11,3f122c3f4d65dd6357f6ac2d348c8b48,51234,432_2026-08-31.pdf
433,2026-09-07,ORDER-12,8bcf488277aa5b12c86c9b77b1b47a0f,51821,433_2026-09-07.pdf
434,2026-09-08,ORDER-13,c0a8a9b61360015012127a741190decd,93891,434_2026-09-08.pdf
