entry,date,source,md5,pages,path
1,2019-05-18,named,18f5deed12eccfb159483943ef08ac83,1,corpus/from_named/2019-05-18_order_001.pdf
2,2019-05-24,named,580141f0943c84eaaaa03be54f61af92,1,corpus/from_named/2019-05-24_order_002.pdf
3,2019-05-28,named,919e8dd7f7ec758c1c220f485576542d,1,corpus/from_named/2019-05-28_order_003.pdf
4,2019-05-30,named,b1bcc706eae6f2a64348582c6e1c6c33,1,corpus/from_named/2019-05-30_order_004.pdf
5,2019-06-03,named,401b8fec3fe940ebf6cdddb12b86b2b7,1,corpus/from_named/2019-06-03_order_005.pdf
6,2019-06-03,named,5af4c7836d52b76803ce9e64b57f31ad,15,corpus/from_named/2019-06-03_order_006.pdf
7,2019-06-03,named,a1845176ed56f4683b1cccf332ba8c8f,73,corpus/from_named/2019-06-03_order_007.pdf
8,2019-06-13,named,55e3eaae28ab8cf92c59693702adfa0e,2,corpus/from_named/2019-06-13_order_008.pdf
9,2019-06-17,named,bdbafe95dd82eb77549365f15c6f1c76,2,corpus/from_named/2019-06-17_order_009.pdf
10,2019-07-01,named,79a63a937fe1ab62e54f620fe82c83e0,2,corpus/from_named/2019-07-01_order_010.pdf
11,2019-07-15,named,85e3d16e297b751f3436a46ccf59d6c8,1,corpus/from_named/2019-07-15_order_011.pdf
12,2019-07-30,named,a4d042238edcbbce375e19bee88f09d5,17,corpus/from_named/2019-07-30_order_012.pdf
13,2019-08-13,named,0987659c5b06bae84f7a8a9814096bf0,4,corpus/from_named/2019-08-13_order_013.pdf
14,2019-08-27,named,041cd531fcde607725f29b2a62117129,1,corpus/from_named/2019-08-27_order_014.pdf
15,2019-08-30,named,bf1f652f3a22c3d57587249e2f7bce49,1,corpus/from_named/2019-08-30_order_015.pdf
16,2019-08-28,named,e1f3e50ee08a590a58d30d5a3dedf368,1,corpus/from_named/2019-08-28_order_016.pdf
17,2019-09-04,named,5b7e0aee3de1a03c3f3a3bc72e953f4f,13,corpus/from_named/2019-09-04_order_017.pdf
18,2019-09-05,named,58d325ae55b737509d29e5924b3d7af8,1,corpus/from_named/2019-09-05_order_018.pdf
19,2019-09-13,named,0d13904e63ee3c13301bf7a781df5942,2,corpus/from_named/2019-09-13_order_019.pdf
20,2019-09-16,named,1db88fdf97f3e6a6b6d940b44bb1170a,1,corpus/from_named/2019-09-16_order_020.pdf
21,2019-09-16,named,c29e967322419c6377908272606361bd,9,corpus/from_named/2019-09-16_order_021.pdf
22,2019-09-17,named,b492c88833d3f3942794d2f89cc6ccbd,1,corpus/from_named/2019-09-17_order_022.pdf
23,2019-09-18,named,2b6ba4f5ba3d5c185cfc6bf1da7702ca,1,corpus/from_named/2019-09-18_order_023.pdf
24,2019-09-18,named,24623f74bb0fad0db3a7c62114e98960,17,corpus/from_named/2019-09-18_order_024.pdf
25,2019-09-18,named,97226c4111450cbd253deda8b8d5260f,3,corpus/from_named/2019-09-18_order_025.pdf
26,2019-09-20,named,d93fd06294e534e22c7ade3ee4949ca0,1,corpus/from_named/2019-09-20_order_026.pdf
27,2019-09-21,named,bb9ff482367c37573d025f58fccbc438,1,corpus/from_named/2019-09-21_order_027.pdf
28,2019-09-23,named,8e2cc86cad64d4ecbbe70dba3ae8c905,2,corpus/from_named/2019-09-23_order_028.pdf
29,2019-09-24,named,cfd3f46b78472512b4b4de9dc9b28b08,1,corpus/from_named/2019-09-24_order_029.pdf
30,2019-09-27,named,4edb53b63f6499f135765b2322aef60b,1,corpus/from_named/2019-09-27_order_030.pdf
31,2019-09-30,named,d08aa33831432695bd5992c98b24c68a,1,corpus/from_named/2019-09-30_order_031.pdf
32,2019-10-03,named,c75244ef861605a32c665b07e86bf9c0,6,corpus/from_named/2019-10-03_order_032.pdf
33,2019-10-04,named,c6ce5ff631821546786366079edcbb5a,1,corpus/from_named/2019-10-04_order_033.pdf
34,2019-10-14,named,86292a3a32735cc86d278f67017c5967,1,corpus/from_named/2019-10-14_order_034.pdf
35,2019-10-19,named,938101b30fbc75672b302a33863f5867,14,corpus/from_named/2019-10-19_order_035.pdf
36,2019-11-02,named,2336cfa6b7a829840a6e681fb114787e,15,corpus/from_named/2019-11-02_order_036.pdf
37,2019-11-08,named,c1d4d6e9f385b543d1b372ae4ab56712,1,corpus/from_named/2019-11-08_order_037.pdf
38,2019-11-22,named,ac993dda2b560d3d4e3c6bc9a193fa0b,18,corpus/from_named/2019-11-22_order_038.pdf
39,2019-12-17,named,21d108bf53e941ca76c62c98135a7dd6,16,corpus/from_named/2019-12-17_order_039.pdf
40,2020-01-31,named,551b6fed54081186632b3aec529dc2ae,10,corpus/from_named/2020-01-31_order_040.pdf
41,2020-01-31,named,551b6fed54081186632b3aec529dc2ae,10,corpus/from_named/2020-01-31_order_041.pdf
42,2020-05-08,named,5539ff67a22e40aa2fb9d83413453a4c,1,corpus/from_named/2020-05-08_order_042.pdf
43,2020-09-24,named,124220fa46ed9b69aca5103d6117f827,3,corpus/from_named/2020-09-24_order_043.pdf
44,2020-09-24,named,124220fa46ed9b69aca5103d6117f827,3,corpus/from_named/2020-09-24_order_044.pdf
45,2020-10-06,named,aedb0ec13739550aaab692b549c911e8,1,corpus/from_named/2020-10-06_order_045.pdf
46,2021-01-14,named,16df57ea7ffb46099a816db75453dc2a,1,corpus/from_named/2021-01-14_order_046.pdf
47,2021-01-14,named,16df57ea7ffb46099a816db75453dc2a,1,corpus/from_named/2021-01-14_order_047.pdf
48,2021-01-15,named,db379132937a0a9d853638f0ba3dc746,3,corpus/from_named/2021-01-15_order_048.pdf
49,2021-01-15,named,db379132937a0a9d853638f0ba3dc746,3,corpus/from_named/2021-01-15_order_049.pdf
50,2021-01-18,MISSING,,0,
51,2021-01-18,named,2374bab04214bfca3a898d8fb32bde72,1,corpus/from_named/2021-01-18_order_051.pdf
52,2021-01-18,named,2374bab04214bfca3a898d8fb32bde72,1,corpus/from_named/2021-01-18_order_052.pdf
53,2021-01-19,named,b125cd23faa489844788603f538b2813,1,corpus/from_named/2021-01-19_order_053.pdf
54,2021-01-19,named,b125cd23faa489844788603f538b2813,1,corpus/from_named/2021-01-19_order_054.pdf
55,2021-01-21,named,0a71523c8415fc96598a5c01a297fb1a,1,corpus/from_named/2021-01-21_order_055.pdf
56,2021-01-21,named,0a71523c8415fc96598a5c01a297fb1a,1,corpus/from_named/2021-01-21_order_056.pdf
57,2021-02-02,named,3721a4d35f250bc6fe5727be60f9cacb,1,corpus/from_named/2021-02-02_order_057.pdf
58,2021-02-02,named,3721a4d35f250bc6fe5727be60f9cacb,1,corpus/from_named/2021-02-02_order_058.pdf
59,2021-02-19,named,bdc64da4b3c762842e2c5de4a3821cc3,4,corpus/from_named/2021-02-19_order_059.pdf
60,2021-02-19,named,bdc64da4b3c762842e2c5de4a3821cc3,4,corpus/from_named/2021-02-19_order_060.pdf
61,2021-02-24,named,68efdf1d910dc456e7f2e92c946b09ec,1,corpus/from_named/2021-02-24_order_061.pdf
62,2021-02-24,named,68efdf1d910dc456e7f2e92c946b09ec,1,corpus/from_named/2021-02-24_order_062.pdf
63,2021-03-05,named,0031e7849d10dbac352901bc1d66e8a8,1,corpus/from_named/2021-03-05_order_063.pdf
64,2021-03-19,named,7dc607b6927c100c7a083b01600543b1,1,corpus/from_named/2021-03-19_order_064.pdf
65,2021-04-02,named,15fc1b7298c7752267cc8b1ed89098a6,3,corpus/from_named/2021-04-02_order_065.pdf
66,2021-04-16,named,47d330664ffa1e43bc456a1ac4ff6e8a,2,corpus/from_named/2021-04-16_order_066.pdf
67,2021-04-30,named,80d9ff588d68e8ce24c549f948be9324,1,corpus/from_named/2021-04-30_order_067.pdf
68,2021-05-20,named,8fa0d5f6e12bedf506a19517ca6a4604,1,corpus/from_named/2021-05-20_order_068.pdf
69,2021-08-04,named,8b7e7b630fc747c17da48060f3bf0dc7,2,corpus/from_named/2021-08-04_order_069.pdf
70,2021-08-04,named,f5e70fac7984d603bde2dcdf6a7b7047,2,corpus/from_named/2021-08-04_order_070.pdf
71,2021-08-17,named,27a43cf7bc08ea8cdf86983a78ccd11a,3,corpus/from_named/2021-08-17_order_071.pdf
72,2021-09-06,named,2feb68d91b2edd1602fbabb0d301f781,1,corpus/from_named/2021-09-06_order_072.pdf
73,2021-09-08,named,5d596cdca2f06b8cba92db9d7bbc8ad6,6,corpus/from_named/2021-09-08_order_073.pdf
74,2021-09-09,named,ae773e132b6c5c2833a0365613494a24,1,corpus/from_named/2021-09-09_order_074.pdf
75,2021-09-15,named,e80f563d945fc6103dcbdccc85117c7b,1,corpus/from_named/2021-09-15_order_075.pdf
76,2021-09-15,named,8281f04deb6ae540a3a04576dc68b245,4,corpus/from_named/2021-09-15_order_076.pdf
77,2021-09-15,named,5745397bcb8ef9161fa63a0b472f26a7,1,corpus/from_named/2021-09-15_order_077.pdf
78,2021-09-15,named,df0d924625808b642e97f59c28b97e4d,5,corpus/from_named/2021-09-15_order_078.pdf
79,2021-09-15,named,aca04cd76d86d969688d7f518d8bec75,1,corpus/from_named/2021-09-15_order_079.pdf
80,2021-09-17,named,c9eeea922f7787b042879e50e2d85b59,2,corpus/from_named/2021-09-17_order_080.pdf
81,2021-09-22,named,64a615d74912af8da2d1ae9df14ead38,1,corpus/from_named/2021-09-22_order_081.pdf
82,2021-09-22,named,24406246a651507f0ce77e21903f05c1,25,corpus/from_named/2021-09-22_order_082.pdf
83,2021-09-17,named,043d4cb10fc1948d7bc066e4f67dd0cb,1,corpus/from_named/2021-09-17_order_083.pdf
84,2021-10-14,named,272bacd94a54fe205246b7ae3ac84e56,1,corpus/from_named/2021-10-14_order_084.pdf
85,2021-10-30,named,75cfeff074ca9040e4a2742b2d2285d0,3,corpus/from_named/2021-10-30_order_085.pdf
86,2021-12-23,named,20d930aa70435dd062338ba2a512cf99,1,corpus/from_named/2021-12-23_order_086.pdf
87,2022-02-14,named,dd6c9d0c173f33fbbbd9820044f69a54,1,corpus/from_named/2022-02-14_order_087.pdf
88,2022-03-25,named,93e278143a8c41ec7585cc7f8c531957,39,corpus/from_named/2022-03-25_order_088.pdf
89,2022-04-02,named,b78e0df6433db6d610529a60864ec273,2,corpus/from_named/2022-04-02_order_089.pdf
90,2022-04-20,named,fa80e3fd7d7e50833829bf31ced0ff5a,1,corpus/from_named/2022-04-20_order_090.pdf
91,2022-04-28,named,3a75ac21f45788d83e2b73b5ff8c27e8,1,corpus/from_named/2022-04-28_order_091.pdf
92,2022-05-07,named,7f42c08254029fb882b89de58eb23aa8,2,corpus/from_named/2022-05-07_order_092.pdf
93,2022-05-07,named,7f42c08254029fb882b89de58eb23aa8,2,corpus/from_named/2022-05-07_order_093.pdf
94,2022-05-11,named,909d1dd5e84c1e3d19b77e2e21afabce,2,corpus/from_named/2022-05-11_order_094.pdf
95,2022-05-11,named,909d1dd5e84c1e3d19b77e2e21afabce,2,corpus/from_named/2022-05-11_order_095.pdf
96,2022-05-10,named,265c4e70603c97f6d2b42b24bd324a22,1,corpus/from_named/2022-05-10_order_096.pdf
97,2022-05-10,named,265c4e70603c97f6d2b42b24bd324a22,1,corpus/from_named/2022-05-10_order_097.pdf
98,2022-05-30,named,37faed744814fa9454b1c953ee720be9,1,corpus/from_named/2022-05-30_order_098.pdf
99,2022-05-30,named,37faed744814fa9454b1c953ee720be9,1,corpus/from_named/2022-05-30_order_099.pdf
100,2022-06-02,named,837b5cfaf1fbcd23671fbf8134af4652,2,corpus/from_named/2022-06-02_order_100.pdf
101,2022-06-07,named,5e7981b6381c4ef987065fad21b452eb,1,corpus/from_named/2022-06-07_order_101.pdf
102,2022-06-07,named,5e7981b6381c4ef987065fad21b452eb,1,corpus/from_named/2022-06-07_order_102.pdf
103,2022-07-02,named,bb36383c512c38e7c05dead354ad4dfc,11,corpus/from_named/2022-07-02_order_103.pdf
104,2022-07-02,named,bb36383c512c38e7c05dead354ad4dfc,11,corpus/from_named/2022-07-02_order_104.pdf
105,2022-07-08,named,8266db9b885eb9cd93ccd67e5fa629cc,2,corpus/from_named/2022-07-08_order_105.pdf
106,2022-07-22,named,54429dbbe7bbd3ce5484a07ed16d6eac,1,corpus/from_named/2022-07-22_order_106.pdf
107,2022-07-22,named,54429dbbe7bbd3ce5484a07ed16d6eac,1,corpus/from_named/2022-07-22_order_107.pdf
108,2022-07-27,named,afe727446a03273554ebe23de98cda8b,1,corpus/from_named/2022-07-27_order_108.pdf
109,2022-07-27,named,3f986bee57d7bff8667307dbac4a64cd,6,corpus/from_named/2022-07-27_order_109.pdf
110,2022-07-27,named,3f986bee57d7bff8667307dbac4a64cd,6,corpus/from_named/2022-07-27_order_110.pdf
111,2022-07-08,named,096efe01c92a6e9c4cc6dacaa2bf968e,3,corpus/from_named/2022-07-08_order_111.pdf
112,2022-08-30,named,bccb69b6186bdba11693aa66938fb037,1,corpus/from_named/2022-08-30_order_112.pdf
113,2022-08-30,named,bccb69b6186bdba11693aa66938fb037,1,corpus/from_named/2022-08-30_order_113.pdf
114,2022-08-30,named,c3d5b2e3b06a45be6b747452d154fefa,4,corpus/from_named/2022-08-30_order_114.pdf
115,2022-08-30,named,33766a7316c45b4a9d4a1c1fbd3ef363,8,corpus/from_named/2022-08-30_order_115.pdf
116,2022-08-30,named,33766a7316c45b4a9d4a1c1fbd3ef363,8,corpus/from_named/2022-08-30_order_116.pdf
117,2022-10-18,named,645a8c47e66e3b8047c36658f37eca23,1,corpus/from_named/2022-10-18_order_117.pdf
118,2022-10-18,named,645a8c47e66e3b8047c36658f37eca23,1,corpus/from_named/2022-10-18_order_118.pdf
119,2022-10-18,named,f7a071b7743baecc6650a966a21e367f,3,corpus/from_named/2022-10-18_order_119.pdf
120,2022-10-18,named,5ea5f4c211be848879c223d53592bd84,9,corpus/from_named/2022-10-18_order_120.pdf
121,2022-10-18,named,5ea5f4c211be848879c223d53592bd84,9,corpus/from_named/2022-10-18_order_121.pdf
122,2022-12-09,named,f92e535eb3ff718e467c73cae113aa47,1,corpus/from_named/2022-12-09_order_122.pdf
123,2022-12-09,named,9ae8a3567ee922dd0c880d701add24ee,8,corpus/from_named/2022-12-09_order_123.pdf
124,2023-02-08,named,15ad02ce9a8db91fd889c8bdb115046b,1,corpus/from_named/2023-02-08_order_124.pdf
125,2023-02-08,named,15ad02ce9a8db91fd889c8bdb115046b,1,corpus/from_named/2023-02-08_order_125.pdf
126,2023-02-08,named,f670b2d5d349a99e2861f3d934b6cf9e,9,corpus/from_named/2023-02-08_order_126.pdf
127,2023-02-08,named,f670b2d5d349a99e2861f3d934b6cf9e,9,corpus/from_named/2023-02-08_order_127.pdf
128,2023-04-03,named,4c56fba2da53760b8ba039acb8d4a8c0,1,corpus/from_named/2023-04-03_order_128.pdf
129,2023-04-03,named,4c56fba2da53760b8ba039acb8d4a8c0,1,corpus/from_named/2023-04-03_order_129.pdf
130,2023-04-03,named,31db59a95baa2d5bc3c23956490e6dc3,11,corpus/from_named/2023-04-03_order_130.pdf
131,2023-04-03,named,31db59a95baa2d5bc3c23956490e6dc3,11,corpus/from_named/2023-04-03_order_131.pdf
132,2023-05-19,named,f144453ab698ad296de5038659adda0b,1,corpus/from_named/2023-05-19_order_132.pdf
133,2023-05-19,named,f144453ab698ad296de5038659adda0b,1,corpus/from_named/2023-05-19_order_133.pdf
134,2023-05-19,named,218a30ce5e2702fd4565ab18c3de9d78,1,corpus/from_named/2023-05-19_order_134.pdf
135,2023-05-19,named,17237725c52518d956d5a9c879dd230c,1,corpus/from_named/2023-05-19_order_135.pdf
136,2023-05-19,hashed,cc35ddd6d65703b9617140a56e1042a0,1,corpus/from_hashed/4e8084b94795539fec07cdd6d1a4595c.pdf
137,2023-05-22,hashed,52703cf22ddd7179aa1667b384c2a471,3,corpus/from_hashed/59a8b5aba8f7e3d1047886260a0e583b.pdf
138,2023-05-22,hashed,208fafbd67f2c7368b2645ca69048348,15,corpus/from_hashed/d1af387387adff1385586ba04dcaed97.pdf
139,2023-05-30,hashed,d7c3e37681bc544fd68a024d7f78059a,1,corpus/from_hashed/8b62cc520e3b4543a40d2c6bdac77fb1.pdf
140,2023-05-30,hashed,d7c3e37681bc544fd68a024d7f78059a,1,corpus/from_hashed/a2f4917c86ed0fb8fb7f6bdd08799ad3.pdf
141,2023-05-30,MISSING,,0,
142,2023-05-30,hashed,e0bce8e0b640b56fe127a3920eafd30f,10,corpus/from_hashed/b05930045fadf99db30175b64c6f0fb9.pdf
143,2023-08-29,hashed,a02e35cd29745a55da3913c85b5279e2,7,corpus/from_hashed/d83b5690c7ac976f88d1190a892d25e7.pdf
144,2023-09-26,hashed,bb7e7431dac3ad2e4f82db71ed2c4087,1,corpus/from_hashed/a04163fec8ea51289ef0d1fbfc476b12.pdf
145,2023-09-26,hashed,2540a58e7813fe4262c2201fa683bb01,1,corpus/from_hashed/fff668e8ac31cdc9a1bc1f575ec0487d.pdf
146,2023-09-30,hashed,3dc8498236697adaa166400d37350d15,2,corpus/from_hashed/cfe5e166392998ea91a58360544642c3.pdf
147,2023-11-17,hashed,100698210482ecff1dec9f7fa10832a9,1,corpus/from_hashed/7f35f92d5460c49dc7714e123fcb3b34.pdf
148,2023-11-17,hashed,100698210482ecff1dec9f7fa10832a9,1,corpus/from_hashed/ab4349e3b0732136f443cade392213e8.pdf
149,2024-02-09,hashed,1ea3a0b6eefaffb3038622cc152e6b1b,7,corpus/from_hashed/35193c9691729958da4b3b0bd15d0082.pdf
150,2024-04-01,hashed,cca1c014f96031e9c8d9e6794f851221,1,corpus/from_hashed/4ce529c17430e27322b94f0a8664ff94.pdf
151,2024-05-03,hashed,d2dd1086a5b655a002f104d3a0787d76,8,corpus/from_hashed/ab60ea024988f96cdddcae050f4636ec.pdf
152,2024-05-03,hashed,deea7e607bca92f19a8a770ed533655f,2,corpus/from_hashed/af5cf8ae654735404cd1a1a316128b52.pdf
153,2024-06-04,hashed,e362221bf155adf56ca5d31409e1fc05,1,corpus/from_hashed/cde46e71f2695ba16a4788e3ef332dac.pdf
154,2024-07-29,hashed,ee89c66a6bdf0aacceb2a30f6c3706a5,6,corpus/from_hashed/c8931dc7e811e4a94d5fdc88d17f65ea.pdf
155,2024-09-03,hashed,78bb5331f6cdea2256651edfb2f1e986,8,corpus/from_hashed/965a6058db833b0eff95651df8003d6a.pdf
156,2024-11-13,hashed,bf0243c6dea99519cbd86feaa10204d4,8,corpus/from_hashed/03426fbb556dca03a6dbd7377f01731b.pdf
157,2024-12-03,hashed,0815ee7ed43d3fa9a62068c1af4fc09d,1,corpus/from_hashed/1b3334698cd04c4e181f0b72647e6f08.pdf
158,2025-01-13,hashed,519b900121d1ec5f94dc9866a0aba39b,1,corpus/from_hashed/4ca076de8987a4cfcabf8e920c7edeac.pdf
159,2025-01-18,hashed,9ab4716c7f86bda9f7a13dcfe50340fa,9,corpus/from_hashed/82abeab97ae42963fb81fdea52405661.pdf
160,2025-02-27,hashed,9185bbd1d2bc512503bdbb16860ea07e,9,corpus/from_hashed/56b9725e0647815c9651ecb198b95cc9.pdf
161,2025-04-07,hashed,2b4261f3cb555fe7c42943f861e1bc2b,1,corpus/from_hashed/93288658eed4b1f601fff9bf0a91f3cb.pdf
162,2025-05-02,hashed,569743ff13f97bfde05bd6e14e33ee26,1,corpus/from_hashed/9710151cf8e532ae02293eebe337ec23.pdf
163,2025-05-29,hashed,4826e97eb7411a034414ad7f34c436e9,1,corpus/from_hashed/57914a4ec10d3bd4def9b2af39add930.pdf
164,2025-07-22,MISSING,,0,
165,2025-09-19,hashed,415557a57dcf2acc0296d2078903e4bf,10,corpus/from_hashed/a28a03c2875991718a652c2407d27d58.pdf
166,2025-11-06,hashed,ab7db7efd51d9e123911fe31267d06c4,12,corpus/from_hashed/68b2547da8389a0035eb9c7fad910446.pdf
167,2026-01-07,hashed,8731af54b341b21b0b412a1602ab0e91,13,corpus/from_hashed/e1d693bd63f72d0cdabae0db2af70d25.pdf
168,2026-02-20,hashed,9df73146eaf6c6c37fd1d6191391d8cd,1,corpus/from_hashed/d6151b608237438d91b4ed1291c6b566.pdf
169,2026-02-20,hashed,42f18c6c4e773c0978903055b7f9d771,1,corpus/from_hashed/5e12f6a8dbe1aa4a20a8d4a781f5da08.pdf
170,2026-02-25,hashed,aae7e550471f07a9ee76aff009fa4bdc,1,corpus/from_hashed/0213ba8dcdb71a1fd1c9053b4c9a3a88.pdf
171,2026-02-25,hashed,63626640ff096357e9bc124a89c3d355,1,corpus/from_hashed/6b15b2a3d337cf86e8c4c533d51497f5.pdf
172,2026-03-18,hashed,9133e400026560c75b9fafd1b266e92b,1,corpus/from_hashed/c524dd4385124f6f37fa26ac2c27fdeb.pdf
173,2026-03-18,hashed,87c16b10cb95609196308e7ff5c600b1,1,corpus/from_hashed/def64db4ef9d36a049b7044a75caf139.pdf
174,2026-03-18,hashed,87c16b10cb95609196308e7ff5c600b1,1,corpus/from_hashed/def64db4ef9d36a049b7044a75caf139.pdf
175,2026-03-18,hashed,efd0ddeb03a72a55e81c7bc1fc298060,1,corpus/from_hashed/dd6e2ba400c037fc972779671b191952.pdf
176,2026-03-18,hashed,efd0ddeb03a72a55e81c7bc1fc298060,1,corpus/from_hashed/416112b1ffaad2f48aa261c4679086f7.pdf
177,2026-03-18,hashed,efd0ddeb03a72a55e81c7bc1fc298060,1,corpus/from_hashed/1f3ef29ff5f8384c2895b3f4612b3028.pdf
178,2026-03-18,hashed,efd0ddeb03a72a55e81c7bc1fc298060,1,corpus/from_hashed/927d843ec17dedd9a273e1376f053dc4.pdf
179,2026-03-18,hashed,efd0ddeb03a72a55e81c7bc1fc298060,1,corpus/from_hashed/5c21c6704a6620f1a9151d90b315fecb.pdf
180,2026-03-18,hashed,efd0ddeb03a72a55e81c7bc1fc298060,1,corpus/from_hashed/bd3c10ae5b2666f8b58aa99bb0f4fa3d.pdf
181,2026-03-18,hashed,efd0ddeb03a72a55e81c7bc1fc298060,1,corpus/from_hashed/22eb6521cdb2ec8c528d7ce92d8edd88.pdf
182,2026-03-18,hashed,efd0ddeb03a72a55e81c7bc1fc298060,1,corpus/from_hashed/f435b6b95bdc2c99842fefd98eedf467.pdf
183,2026-03-18,hashed,efd0ddeb03a72a55e81c7bc1fc298060,1,corpus/from_hashed/292ed27db4123d1f7970576180f638c9.pdf
184,2026-03-18,hashed,efd0ddeb03a72a55e81c7bc1fc298060,1,corpus/from_hashed/873274e4a48b7a5265e0b7b0c3520fe0.pdf
185,2026-03-18,scraped,efd0ddeb03a72a55e81c7bc1fc298060,1,orders/185_2026-03-18.pdf
186,2026-03-18,scraped,efd0ddeb03a72a55e81c7bc1fc298060,1,orders/186_2026-03-18.pdf
187,2026-03-18,scraped,efd0ddeb03a72a55e81c7bc1fc298060,1,orders/187_2026-03-18.pdf
188,2026-03-18,scraped,efd0ddeb03a72a55e81c7bc1fc298060,1,orders/188_2026-03-18.pdf
189,2026-03-18,scraped,efd0ddeb03a72a55e81c7bc1fc298060,1,orders/189_2026-03-18.pdf
190,2026-03-18,scraped,efd0ddeb03a72a55e81c7bc1fc298060,1,orders/190_2026-03-18.pdf
191,2026-03-18,scraped,efd0ddeb03a72a55e81c7bc1fc298060,1,orders/191_2026-03-18.pdf
192,2026-03-18,scraped,efd0ddeb03a72a55e81c7bc1fc298060,1,orders/192_2026-03-18.pdf
193,2026-03-18,scraped,efd0ddeb03a72a55e81c7bc1fc298060,1,orders/193_2026-03-18.pdf
194,2026-03-18,scraped,efd0ddeb03a72a55e81c7bc1fc298060,1,orders/194_2026-03-18.pdf
195,2026-03-18,scraped,efd0ddeb03a72a55e81c7bc1fc298060,1,orders/195_2026-03-18.pdf
196,2026-03-18,scraped,efd0ddeb03a72a55e81c7bc1fc298060,1,orders/196_2026-03-18.pdf
197,2026-03-18,scraped,16eb72f7e7ada45cf2b003b3cc765cca,1,orders/197_2026-03-18.pdf
198,2026-03-18,scraped,16eb72f7e7ada45cf2b003b3cc765cca,1,orders/198_2026-03-18.pdf
199,2026-03-18,scraped,16eb72f7e7ada45cf2b003b3cc765cca,1,orders/199_2026-03-18.pdf
200,2026-03-18,scraped,16eb72f7e7ada45cf2b003b3cc765cca,1,orders/200_2026-03-18.pdf
201,2026-03-18,scraped,16eb72f7e7ada45cf2b003b3cc765cca,1,orders/201_2026-03-18.pdf
202,2026-03-18,scraped,16eb72f7e7ada45cf2b003b3cc765cca,1,orders/202_2026-03-18.pdf
203,2026-03-18,scraped,16eb72f7e7ada45cf2b003b3cc765cca,1,orders/203_2026-03-18.pdf
204,2026-03-18,scraped,16eb72f7e7ada45cf2b003b3cc765cca,1,orders/204_2026-03-18.pdf
205,2026-03-18,scraped,16eb72f7e7ada45cf2b003b3cc765cca,1,orders/205_2026-03-18.pdf
206,2026-03-18,scraped,16eb72f7e7ada45cf2b003b3cc765cca,1,orders/206_2026-03-18.pdf
207,2026-03-18,scraped,16eb72f7e7ada45cf2b003b3cc765cca,1,orders/207_2026-03-18.pdf
208,2026-03-18,scraped,16eb72f7e7ada45cf2b003b3cc765cca,1,orders/208_2026-03-18.pdf
209,2026-03-18,scraped,16eb72f7e7ada45cf2b003b3cc765cca,1,orders/209_2026-03-18.pdf
210,2026-03-18,scraped,16eb72f7e7ada45cf2b003b3cc765cca,1,orders/210_2026-03-18.pdf
211,2026-03-18,scraped,16eb72f7e7ada45cf2b003b3cc765cca,1,orders/211_2026-03-18.pdf
212,2026-03-18,scraped,16eb72f7e7ada45cf2b003b3cc765cca,1,orders/212_2026-03-18.pdf
213,2026-03-18,scraped,16eb72f7e7ada45cf2b003b3cc765cca,1,orders/213_2026-03-18.pdf
214,2026-03-18,scraped,16eb72f7e7ada45cf2b003b3cc765cca,1,orders/214_2026-03-18.pdf
215,2026-03-18,scraped,16eb72f7e7ada45cf2b003b3cc765cca,1,orders/215_2026-03-18.pdf
216,2026-03-18,scraped,16eb72f7e7ada45cf2b003b3cc765cca,1,orders/216_2026-03-18.pdf
217,2026-03-18,scraped,16eb72f7e7ada45cf2b003b3cc765cca,1,orders/217_2026-03-18.pdf
218,2026-03-18,scraped,16eb72f7e7ada45cf2b003b3cc765cca,1,orders/218_2026-03-18.pdf
219,2026-03-18,scraped,16eb72f7e7ada45cf2b003b3cc765cca,1,orders/219_2026-03-18.pdf
220,2026-03-18,scraped,16eb72f7e7ada45cf2b003b3cc765cca,1,orders/220_2026-03-18.pdf
221,2026-03-18,scraped,16eb72f7e7ada45cf2b003b3cc765cca,1,orders/221_2026-03-18.pdf
222,2026-03-18,scraped,16eb72f7e7ada45cf2b003b3cc765cca,1,orders/222_2026-03-18.pdf
223,2026-03-18,scraped,16eb72f7e7ada45cf2b003b3cc765cca,1,orders/223_2026-03-18.pdf
224,2026-03-18,scraped,16eb72f7e7ada45cf2b003b3cc765cca,1,orders/224_2026-03-18.pdf
225,2026-03-18,scraped,16eb72f7e7ada45cf2b003b3cc765cca,1,orders/225_2026-03-18.pdf
226,2026-03-18,scraped,16eb72f7e7ada45cf2b003b3cc765cca,1,orders/226_2026-03-18.pdf
227,2026-03-18,scraped,16eb72f7e7ada45cf2b003b3cc765cca,1,orders/227_2026-03-18.pdf
228,2026-03-18,scraped,16eb72f7e7ada45cf2b003b3cc765cca,1,orders/228_2026-03-18.pdf
229,2026-03-18,scraped,16eb72f7e7ada45cf2b003b3cc765cca,1,orders/229_2026-03-18.pdf
230,2026-03-18,scraped,16eb72f7e7ada45cf2b003b3cc765cca,1,orders/230_2026-03-18.pdf
231,2026-03-18,scraped,16eb72f7e7ada45cf2b003b3cc765cca,1,orders/231_2026-03-18.pdf
232,2026-03-18,scraped,16eb72f7e7ada45cf2b003b3cc765cca,1,orders/232_2026-03-18.pdf
233,2026-03-18,scraped,16eb72f7e7ada45cf2b003b3cc765cca,1,orders/233_2026-03-18.pdf
234,2026-03-18,scraped,16eb72f7e7ada45cf2b003b3cc765cca,1,orders/234_2026-03-18.pdf
235,2026-03-18,scraped,16eb72f7e7ada45cf2b003b3cc765cca,1,orders/235_2026-03-18.pdf
236,2026-03-18,scraped,16eb72f7e7ada45cf2b003b3cc765cca,1,orders/236_2026-03-18.pdf
237,2026-03-18,scraped,16eb72f7e7ada45cf2b003b3cc765cca,1,orders/237_2026-03-18.pdf
238,2026-03-18,scraped,16eb72f7e7ada45cf2b003b3cc765cca,1,orders/238_2026-03-18.pdf
239,2026-03-18,scraped,16eb72f7e7ada45cf2b003b3cc765cca,1,orders/239_2026-03-18.pdf
240,2026-03-18,scraped,16eb72f7e7ada45cf2b003b3cc765cca,1,orders/240_2026-03-18.pdf
241,2026-03-18,scraped,16eb72f7e7ada45cf2b003b3cc765cca,1,orders/241_2026-03-18.pdf
242,2026-03-18,scraped,16eb72f7e7ada45cf2b003b3cc765cca,1,orders/242_2026-03-18.pdf
243,2026-03-18,scraped,085303dbfa781a9982e033069edc5a39,1,orders/243_2026-03-18.pdf
244,2026-03-18,scraped,085303dbfa781a9982e033069edc5a39,1,orders/244_2026-03-18.pdf
245,2026-03-18,scraped,085303dbfa781a9982e033069edc5a39,1,orders/245_2026-03-18.pdf
246,2026-03-18,scraped,085303dbfa781a9982e033069edc5a39,1,orders/246_2026-03-18.pdf
247,2026-03-18,scraped,085303dbfa781a9982e033069edc5a39,1,orders/247_2026-03-18.pdf
248,2026-03-18,scraped,085303dbfa781a9982e033069edc5a39,1,orders/248_2026-03-18.pdf
249,2026-03-18,scraped,085303dbfa781a9982e033069edc5a39,1,orders/249_2026-03-18.pdf
250,2026-03-18,scraped,085303dbfa781a9982e033069edc5a39,1,orders/250_2026-03-18.pdf
251,2026-03-18,scraped,085303dbfa781a9982e033069edc5a39,1,orders/251_2026-03-18.pdf
252,2026-03-18,scraped,085303dbfa781a9982e033069edc5a39,1,orders/252_2026-03-18.pdf
253,2026-03-18,scraped,085303dbfa781a9982e033069edc5a39,1,orders/253_2026-03-18.pdf
254,2026-03-18,scraped,085303dbfa781a9982e033069edc5a39,1,orders/254_2026-03-18.pdf
255,2026-03-18,scraped,085303dbfa781a9982e033069edc5a39,1,orders/255_2026-03-18.pdf
256,2026-03-18,scraped,085303dbfa781a9982e033069edc5a39,1,orders/256_2026-03-18.pdf
257,2026-03-18,scraped,085303dbfa781a9982e033069edc5a39,1,orders/257_2026-03-18.pdf
258,2026-03-18,scraped,085303dbfa781a9982e033069edc5a39,1,orders/258_2026-03-18.pdf
259,2026-03-18,scraped,085303dbfa781a9982e033069edc5a39,1,orders/259_2026-03-18.pdf
260,2026-03-18,scraped,085303dbfa781a9982e033069edc5a39,1,orders/260_2026-03-18.pdf
261,2026-03-18,scraped,085303dbfa781a9982e033069edc5a39,1,orders/261_2026-03-18.pdf
262,2026-03-18,scraped,085303dbfa781a9982e033069edc5a39,1,orders/262_2026-03-18.pdf
263,2026-03-18,scraped,085303dbfa781a9982e033069edc5a39,1,orders/263_2026-03-18.pdf
264,2026-03-18,scraped,085303dbfa781a9982e033069edc5a39,1,orders/264_2026-03-18.pdf
265,2026-03-18,scraped,085303dbfa781a9982e033069edc5a39,1,orders/265_2026-03-18.pdf
266,2026-04-17,scraped,38c8ad34f374dee2b0451b12117f71b1,2,orders/266_2026-04-17.pdf
267,2026-04-17,scraped,38c8ad34f374dee2b0451b12117f71b1,2,orders/267_2026-04-17.pdf
268,2026-04-17,scraped,38c8ad34f374dee2b0451b12117f71b1,2,orders/268_2026-04-17.pdf
269,2026-04-17,scraped,38c8ad34f374dee2b0451b12117f71b1,2,orders/269_2026-04-17.pdf
270,2026-04-17,scraped,38c8ad34f374dee2b0451b12117f71b1,2,orders/270_2026-04-17.pdf
271,2026-04-17,scraped,38c8ad34f374dee2b0451b12117f71b1,2,orders/271_2026-04-17.pdf
272,2026-04-17,scraped,38c8ad34f374dee2b0451b12117f71b1,2,orders/272_2026-04-17.pdf
273,2026-04-17,scraped,38c8ad34f374dee2b0451b12117f71b1,2,orders/273_2026-04-17.pdf
274,2026-04-17,scraped,38c8ad34f374dee2b0451b12117f71b1,2,orders/274_2026-04-17.pdf
275,2026-04-17,scraped,38c8ad34f374dee2b0451b12117f71b1,2,orders/275_2026-04-17.pdf
276,2026-04-17,scraped,38c8ad34f374dee2b0451b12117f71b1,2,orders/276_2026-04-17.pdf
277,2026-04-17,scraped,38c8ad34f374dee2b0451b12117f71b1,2,orders/277_2026-04-17.pdf
278,2026-04-17,scraped,38c8ad34f374dee2b0451b12117f71b1,2,orders/278_2026-04-17.pdf
279,2026-04-17,scraped,38c8ad34f374dee2b0451b12117f71b1,2,orders/279_2026-04-17.pdf
280,2026-04-17,scraped,38c8ad34f374dee2b0451b12117f71b1,2,orders/280_2026-04-17.pdf
281,2026-04-17,scraped,38c8ad34f374dee2b0451b12117f71b1,2,orders/281_2026-04-17.pdf
282,2026-04-17,scraped,38c8ad34f374dee2b0451b12117f71b1,2,orders/282_2026-04-17.pdf
283,2026-04-17,scraped,38c8ad34f374dee2b0451b12117f71b1,2,orders/283_2026-04-17.pdf
284,2026-04-17,scraped,38c8ad34f374dee2b0451b12117f71b1,2,orders/284_2026-04-17.pdf
285,2026-04-17,scraped,38c8ad34f374dee2b0451b12117f71b1,2,orders/285_2026-04-17.pdf
286,2026-04-17,scraped,38c8ad34f374dee2b0451b12117f71b1,2,orders/286_2026-04-17.pdf
287,2026-04-17,scraped,38c8ad34f374dee2b0451b12117f71b1,2,orders/287_2026-04-17.pdf
288,2026-04-17,scraped,38c8ad34f374dee2b0451b12117f71b1,2,orders/288_2026-04-17.pdf
289,2026-04-17,scraped,38c8ad34f374dee2b0451b12117f71b1,2,orders/289_2026-04-17.pdf
290,2026-04-17,scraped,38c8ad34f374dee2b0451b12117f71b1,2,orders/290_2026-04-17.pdf
291,2026-04-17,scraped,38c8ad34f374dee2b0451b12117f71b1,2,orders/291_2026-04-17.pdf
292,2026-04-17,scraped,38c8ad34f374dee2b0451b12117f71b1,2,orders/292_2026-04-17.pdf
293,2026-04-17,scraped,38c8ad34f374dee2b0451b12117f71b1,2,orders/293_2026-04-17.pdf
294,2026-04-17,scraped,38c8ad34f374dee2b0451b12117f71b1,2,orders/294_2026-04-17.pdf
295,2026-04-17,scraped,38c8ad34f374dee2b0451b12117f71b1,2,orders/295_2026-04-17.pdf
296,2026-04-17,scraped,38c8ad34f374dee2b0451b12117f71b1,2,orders/296_2026-04-17.pdf
297,2026-04-17,scraped,38c8ad34f374dee2b0451b12117f71b1,2,orders/297_2026-04-17.pdf
298,2026-04-17,scraped,38c8ad34f374dee2b0451b12117f71b1,2,orders/298_2026-04-17.pdf
299,2026-04-17,scraped,38c8ad34f374dee2b0451b12117f71b1,2,orders/299_2026-04-17.pdf
300,2026-04-17,scraped,38c8ad34f374dee2b0451b12117f71b1,2,orders/300_2026-04-17.pdf
301,2026-04-17,scraped,38c8ad34f374dee2b0451b12117f71b1,2,orders/301_2026-04-17.pdf
302,2026-04-17,scraped,38c8ad34f374dee2b0451b12117f71b1,2,orders/302_2026-04-17.pdf
303,2026-04-17,scraped,38c8ad34f374dee2b0451b12117f71b1,2,orders/303_2026-04-17.pdf
304,2026-04-17,scraped,38c8ad34f374dee2b0451b12117f71b1,2,orders/304_2026-04-17.pdf
305,2026-04-17,scraped,38c8ad34f374dee2b0451b12117f71b1,2,orders/305_2026-04-17.pdf
306,2026-04-17,scraped,38c8ad34f374dee2b0451b12117f71b1,2,orders/306_2026-04-17.pdf
307,2026-04-17,scraped,38c8ad34f374dee2b0451b12117f71b1,2,orders/307_2026-04-17.pdf
308,2026-04-17,scraped,38c8ad34f374dee2b0451b12117f71b1,2,orders/308_2026-04-17.pdf
309,2026-04-17,scraped,38c8ad34f374dee2b0451b12117f71b1,2,orders/309_2026-04-17.pdf
310,2026-04-17,scraped,38c8ad34f374dee2b0451b12117f71b1,2,orders/310_2026-04-17.pdf
311,2026-04-17,scraped,38c8ad34f374dee2b0451b12117f71b1,2,orders/311_2026-04-17.pdf
312,2026-04-17,scraped,38c8ad34f374dee2b0451b12117f71b1,2,orders/312_2026-04-17.pdf
313,2026-04-17,scraped,38c8ad34f374dee2b0451b12117f71b1,2,orders/313_2026-04-17.pdf
314,2026-04-17,scraped,38c8ad34f374dee2b0451b12117f71b1,2,orders/314_2026-04-17.pdf
315,2026-04-17,scraped,38c8ad34f374dee2b0451b12117f71b1,2,orders/315_2026-04-17.pdf
316,2026-04-17,scraped,38c8ad34f374dee2b0451b12117f71b1,2,orders/316_2026-04-17.pdf
317,2026-04-17,scraped,38c8ad34f374dee2b0451b12117f71b1,2,orders/317_2026-04-17.pdf
318,2026-04-17,scraped,38c8ad34f374dee2b0451b12117f71b1,2,orders/318_2026-04-17.pdf
319,2026-04-17,scraped,38c8ad34f374dee2b0451b12117f71b1,2,orders/319_2026-04-17.pdf
320,2026-04-17,scraped,38c8ad34f374dee2b0451b12117f71b1,2,orders/320_2026-04-17.pdf
321,2026-04-17,scraped,38c8ad34f374dee2b0451b12117f71b1,2,orders/321_2026-04-17.pdf
322,2026-04-17,scraped,38c8ad34f374dee2b0451b12117f71b1,2,orders/322_2026-04-17.pdf
323,2026-04-17,scraped,38c8ad34f374dee2b0451b12117f71b1,2,orders/323_2026-04-17.pdf
324,2026-04-17,scraped,38c8ad34f374dee2b0451b12117f71b1,2,orders/324_2026-04-17.pdf
325,2026-04-17,scraped,38c8ad34f374dee2b0451b12117f71b1,2,orders/325_2026-04-17.pdf
326,2026-04-17,scraped,38c8ad34f374dee2b0451b12117f71b1,2,orders/326_2026-04-17.pdf
327,2026-04-17,scraped,38c8ad34f374dee2b0451b12117f71b1,2,orders/327_2026-04-17.pdf
328,2026-04-17,scraped,38c8ad34f374dee2b0451b12117f71b1,2,orders/328_2026-04-17.pdf
329,2026-04-17,scraped,38c8ad34f374dee2b0451b12117f71b1,2,orders/329_2026-04-17.pdf
330,2026-04-17,scraped,38c8ad34f374dee2b0451b12117f71b1,2,orders/330_2026-04-17.pdf
331,2026-04-17,scraped,38c8ad34f374dee2b0451b12117f71b1,2,orders/331_2026-04-17.pdf
332,2026-04-17,scraped,38c8ad34f374dee2b0451b12117f71b1,2,orders/332_2026-04-17.pdf
333,2026-04-17,scraped,38c8ad34f374dee2b0451b12117f71b1,2,orders/333_2026-04-17.pdf
334,2026-04-17,scraped,38c8ad34f374dee2b0451b12117f71b1,2,orders/334_2026-04-17.pdf
335,2026-04-17,scraped,38c8ad34f374dee2b0451b12117f71b1,2,orders/335_2026-04-17.pdf
336,2026-04-17,scraped,38c8ad34f374dee2b0451b12117f71b1,2,orders/336_2026-04-17.pdf
337,2026-04-17,scraped,38c8ad34f374dee2b0451b12117f71b1,2,orders/337_2026-04-17.pdf
338,2026-04-17,scraped,38c8ad34f374dee2b0451b12117f71b1,2,orders/338_2026-04-17.pdf
339,2026-04-17,scraped,38c8ad34f374dee2b0451b12117f71b1,2,orders/339_2026-04-17.pdf
340,2026-04-17,scraped,38c8ad34f374dee2b0451b12117f71b1,2,orders/340_2026-04-17.pdf
341,2026-04-17,scraped,38c8ad34f374dee2b0451b12117f71b1,2,orders/341_2026-04-17.pdf
342,2026-04-17,scraped,38c8ad34f374dee2b0451b12117f71b1,2,orders/342_2026-04-17.pdf
343,2026-04-17,scraped,38c8ad34f374dee2b0451b12117f71b1,2,orders/343_2026-04-17.pdf
344,2026-04-17,scraped,38c8ad34f374dee2b0451b12117f71b1,2,orders/344_2026-04-17.pdf
345,2026-04-17,scraped,38c8ad34f374dee2b0451b12117f71b1,2,orders/345_2026-04-17.pdf
346,2026-04-17,scraped,38c8ad34f374dee2b0451b12117f71b1,2,orders/346_2026-04-17.pdf
347,2026-04-17,scraped,38c8ad34f374dee2b0451b12117f71b1,2,orders/347_2026-04-17.pdf
348,2026-04-17,scraped,38c8ad34f374dee2b0451b12117f71b1,2,orders/348_2026-04-17.pdf
349,2026-04-17,scraped,38c8ad34f374dee2b0451b12117f71b1,2,orders/349_2026-04-17.pdf
350,2026-04-17,scraped,38c8ad34f374dee2b0451b12117f71b1,2,orders/350_2026-04-17.pdf
351,2026-04-17,scraped,38c8ad34f374dee2b0451b12117f71b1,2,orders/351_2026-04-17.pdf
352,2026-04-17,scraped,38c8ad34f374dee2b0451b12117f71b1,2,orders/352_2026-04-17.pdf
353,2026-04-17,scraped,38c8ad34f374dee2b0451b12117f71b1,2,orders/353_2026-04-17.pdf
354,2026-04-17,scraped,38c8ad34f374dee2b0451b12117f71b1,2,orders/354_2026-04-17.pdf
355,2026-04-17,scraped,38c8ad34f374dee2b0451b12117f71b1,2,orders/355_2026-04-17.pdf
356,2026-04-17,scraped,38c8ad34f374dee2b0451b12117f71b1,2,orders/356_2026-04-17.pdf
357,2026-04-17,scraped,38c8ad34f374dee2b0451b12117f71b1,2,orders/357_2026-04-17.pdf
358,2026-04-17,scraped,38c8ad34f374dee2b0451b12117f71b1,2,orders/358_2026-04-17.pdf
359,2026-04-17,scraped,38c8ad34f374dee2b0451b12117f71b1,2,orders/359_2026-04-17.pdf
360,2026-04-17,scraped,38c8ad34f374dee2b0451b12117f71b1,2,orders/360_2026-04-17.pdf
361,2026-04-17,scraped,38c8ad34f374dee2b0451b12117f71b1,2,orders/361_2026-04-17.pdf
362,2026-04-17,scraped,38c8ad34f374dee2b0451b12117f71b1,2,orders/362_2026-04-17.pdf
363,2026-04-17,scraped,38c8ad34f374dee2b0451b12117f71b1,2,orders/363_2026-04-17.pdf
364,2026-04-17,scraped,38c8ad34f374dee2b0451b12117f71b1,2,orders/364_2026-04-17.pdf
365,2026-04-17,scraped,38c8ad34f374dee2b0451b12117f71b1,2,orders/365_2026-04-17.pdf
366,2026-04-17,scraped,38c8ad34f374dee2b0451b12117f71b1,2,orders/366_2026-04-17.pdf
367,2026-04-17,scraped,38c8ad34f374dee2b0451b12117f71b1,2,orders/367_2026-04-17.pdf
368,2026-04-17,scraped,38c8ad34f374dee2b0451b12117f71b1,2,orders/368_2026-04-17.pdf
369,2026-04-17,scraped,38c8ad34f374dee2b0451b12117f71b1,2,orders/369_2026-04-17.pdf
370,2026-04-17,scraped,38c8ad34f374dee2b0451b12117f71b1,2,orders/370_2026-04-17.pdf
371,2026-04-17,scraped,38c8ad34f374dee2b0451b12117f71b1,2,orders/371_2026-04-17.pdf
372,2026-04-17,scraped,38c8ad34f374dee2b0451b12117f71b1,2,orders/372_2026-04-17.pdf
373,2026-04-17,scraped,38c8ad34f374dee2b0451b12117f71b1,2,orders/373_2026-04-17.pdf
374,2026-04-17,scraped,38c8ad34f374dee2b0451b12117f71b1,2,orders/374_2026-04-17.pdf
375,2026-04-17,scraped,38c8ad34f374dee2b0451b12117f71b1,2,orders/375_2026-04-17.pdf
376,2026-04-17,scraped,38c8ad34f374dee2b0451b12117f71b1,2,orders/376_2026-04-17.pdf
377,2026-04-17,scraped,38c8ad34f374dee2b0451b12117f71b1,2,orders/377_2026-04-17.pdf
378,2026-04-17,scraped,38c8ad34f374dee2b0451b12117f71b1,2,orders/378_2026-04-17.pdf
379,2026-04-17,scraped,38c8ad34f374dee2b0451b12117f71b1,2,orders/379_2026-04-17.pdf
380,2026-04-17,scraped,38c8ad34f374dee2b0451b12117f71b1,2,orders/380_2026-04-17.pdf
381,2026-04-17,scraped,fe282c035ec5b455e4410959bc3c0cbe,7,orders/381_2026-04-17.pdf
382,2026-06-04,scraped,076abd0016b4147fc84f2f83eb26ad3f,1,orders/382_2026-06-04.pdf
383,2026-06-04,scraped,076abd0016b4147fc84f2f83eb26ad3f,1,orders/383_2026-06-04.pdf
384,2026-06-04,scraped,076abd0016b4147fc84f2f83eb26ad3f,1,orders/384_2026-06-04.pdf
385,2026-06-04,scraped,076abd0016b4147fc84f2f83eb26ad3f,1,orders/385_2026-06-04.pdf
386,2026-06-04,scraped,076abd0016b4147fc84f2f83eb26ad3f,1,orders/386_2026-06-04.pdf
387,2026-06-04,scraped,076abd0016b4147fc84f2f83eb26ad3f,1,orders/387_2026-06-04.pdf
388,2026-06-04,scraped,076abd0016b4147fc84f2f83eb26ad3f,1,orders/388_2026-06-04.pdf
389,2026-06-04,scraped,076abd0016b4147fc84f2f83eb26ad3f,1,orders/389_2026-06-04.pdf
390,2026-06-04,scraped,076abd0016b4147fc84f2f83eb26ad3f,1,orders/390_2026-06-04.pdf
391,2026-06-04,scraped,076abd0016b4147fc84f2f83eb26ad3f,1,orders/391_2026-06-04.pdf
392,2026-06-04,scraped,076abd0016b4147fc84f2f83eb26ad3f,1,orders/392_2026-06-04.pdf
393,2026-06-04,scraped,076abd0016b4147fc84f2f83eb26ad3f,1,orders/393_2026-06-04.pdf
394,2026-06-04,scraped,076abd0016b4147fc84f2f83eb26ad3f,1,orders/394_2026-06-04.pdf
395,2026-06-04,scraped,076abd0016b4147fc84f2f83eb26ad3f,1,orders/395_2026-06-04.pdf
396,2026-06-04,scraped,076abd0016b4147fc84f2f83eb26ad3f,1,orders/396_2026-06-04.pdf
397,2026-06-04,scraped,076abd0016b4147fc84f2f83eb26ad3f,1,orders/397_2026-06-04.pdf
398,2026-06-04,scraped,076abd0016b4147fc84f2f83eb26ad3f,1,orders/398_2026-06-04.pdf
399,2026-06-04,scraped,076abd0016b4147fc84f2f83eb26ad3f,1,orders/399_2026-06-04.pdf
400,2026-06-04,scraped,076abd0016b4147fc84f2f83eb26ad3f,1,orders/400_2026-06-04.pdf
401,2026-06-04,scraped,076abd0016b4147fc84f2f83eb26ad3f,1,orders/401_2026-06-04.pdf
402,2026-06-04,scraped,076abd0016b4147fc84f2f83eb26ad3f,1,orders/402_2026-06-04.pdf
403,2026-06-04,scraped,076abd0016b4147fc84f2f83eb26ad3f,1,orders/403_2026-06-04.pdf
404,2026-06-04,scraped,076abd0016b4147fc84f2f83eb26ad3f,1,orders/404_2026-06-04.pdf
405,2026-06-04,scraped,076abd0016b4147fc84f2f83eb26ad3f,1,orders/405_2026-06-04.pdf
406,2026-06-04,scraped,076abd0016b4147fc84f2f83eb26ad3f,1,orders/406_2026-06-04.pdf
407,2026-06-04,scraped,076abd0016b4147fc84f2f83eb26ad3f,1,orders/407_2026-06-04.pdf
408,2026-06-04,scraped,076abd0016b4147fc84f2f83eb26ad3f,1,orders/408_2026-06-04.pdf
409,2026-06-04,scraped,076abd0016b4147fc84f2f83eb26ad3f,1,orders/409_2026-06-04.pdf
410,2026-06-04,scraped,076abd0016b4147fc84f2f83eb26ad3f,1,orders/410_2026-06-04.pdf
411,2026-06-04,scraped,076abd0016b4147fc84f2f83eb26ad3f,1,orders/411_2026-06-04.pdf
412,2026-06-04,scraped,076abd0016b4147fc84f2f83eb26ad3f,1,orders/412_2026-06-04.pdf
413,2026-06-04,scraped,076abd0016b4147fc84f2f83eb26ad3f,1,orders/413_2026-06-04.pdf
414,2026-06-04,scraped,076abd0016b4147fc84f2f83eb26ad3f,1,orders/414_2026-06-04.pdf
415,2026-06-04,scraped,076abd0016b4147fc84f2f83eb26ad3f,1,orders/415_2026-06-04.pdf
416,2026-06-04,scraped,076abd0016b4147fc84f2f83eb26ad3f,1,orders/416_2026-06-04.pdf
417,2026-06-04,scraped,076abd0016b4147fc84f2f83eb26ad3f,1,orders/417_2026-06-04.pdf
418,2026-06-04,scraped,076abd0016b4147fc84f2f83eb26ad3f,1,orders/418_2026-06-04.pdf
419,2026-06-04,scraped,076abd0016b4147fc84f2f83eb26ad3f,1,orders/419_2026-06-04.pdf
420,2026-06-04,scraped,076abd0016b4147fc84f2f83eb26ad3f,1,orders/420_2026-06-04.pdf
421,2026-06-04,scraped,076abd0016b4147fc84f2f83eb26ad3f,1,orders/421_2026-06-04.pdf
422,2026-06-04,scraped,076abd0016b4147fc84f2f83eb26ad3f,1,orders/422_2026-06-04.pdf
423,2026-06-04,scraped,076abd0016b4147fc84f2f83eb26ad3f,1,orders/423_2026-06-04.pdf
424,2026-06-04,scraped,076abd0016b4147fc84f2f83eb26ad3f,1,orders/424_2026-06-04.pdf
425,2026-06-04,scraped,076abd0016b4147fc84f2f83eb26ad3f,1,orders/425_2026-06-04.pdf
426,2026-06-04,scraped,076abd0016b4147fc84f2f83eb26ad3f,1,orders/426_2026-06-04.pdf
427,2026-06-04,scraped,076abd0016b4147fc84f2f83eb26ad3f,1,orders/427_2026-06-04.pdf
428,2026-07-10,scraped,c74b86005b2e9616e4560a6ed3039579,8,orders/428_2026-07-10.pdf
429,2026-07-29,scraped,7a63134c1af0f39e70d955001f1c5250,8,orders/429_2026-07-29.pdf
430,2026-08-19,scraped,c9412412bcaac56abcad64d5c5ef4a9d,13,orders/430_2026-08-19.pdf
431,2026-08-25,scraped,8782469b98b29b30aa6881edba1ddf2a,13,orders/431_2026-08-25.pdf
432,2026-08-31,scraped,3f122c3f4d65dd6357f6ac2d348c8b48,1,orders/432_2026-08-31.pdf
433,2026-09-07,scraped,8bcf488277aa5b12c86c9b77b1b47a0f,1,orders/433_2026-09-07.pdf
434,2026-09-08,scraped,c0a8a9b61360015012127a741190decd,2,orders/434_2026-09-08.pdf
